year,rotation,site_id,nrate_kgha,leaching_kgha
2000,cc,gent,0,9.6
2000,cc,gent,56,13.7
2000,cc,gent,112,19.6
2000,cc,gent,168,29.4
2000,cc,gent,224,54.3
2000,cc,gent,250,65.7
2000,cc,gent,300,88.8
2000,cc,gilm,0,11.1
2000,cc,gilm,56,13.7
2000,cc,gilm,112,33.5
2000,cc,gilm,168,56.3
2000,cc,gilm,224,78.4
2000,cc,gilm,250,88.5
2000,cc,gilm,300,109.1
2000,cc,gold,0,1.1
2000,cc,gold,56,1.3
2000,cc,gold,112,2.1
2000,cc,gold,168,9.6
2000,cc,gold,224,21
2000,cc,gold,250,26.2
2000,cc,gold,300,35.8
2000,cc,hoff,0,17.6
2000,cc,hoff,56,20.8
2000,cc,hoff,112,23
2000,cc,hoff,168,39.4
2000,cc,hoff,224,60.7
2000,cc,hoff,250,71.1
2000,cc,hoff,300,92.1
2000,cc,hugg,0,12.6
2000,cc,hugg,56,14.5
2000,cc,hugg,112,25.4
2000,cc,hugg,168,55.9
2000,cc,hugg,224,82.6
2000,cc,hugg,250,95.1
2000,cc,hugg,300,122.7
2000,cc,klad,0,4.5
2000,cc,klad,56,5.1
2000,cc,klad,112,4.9
2000,cc,klad,168,10
2000,cc,klad,224,18.8
2000,cc,klad,250,23.1
2000,cc,klad,300,31
2000,cc,masa,0,8.1
2000,cc,masa,56,13.4
2000,cc,masa,112,24.4
2000,cc,masa,168,48.8
2000,cc,masa,224,74.2
2000,cc,masa,250,86
2000,cc,masa,300,108.7
2000,cc,rand,0,3.8
2000,cc,rand,56,5
2000,cc,rand,112,6.2
2000,cc,rand,168,12.7
2000,cc,rand,224,23.6
2000,cc,rand,250,28.9
2000,cc,rand,300,38.5
2000,cc,suth,0,2
2000,cc,suth,56,2.1
2000,cc,suth,112,2.3
2000,cc,suth,168,2.9
2000,cc,suth,224,8.5
2000,cc,suth,250,11.2
2000,cc,suth,300,16
2000,cs,gent,0,10.3
2000,cs,gent,56,12.6
2000,cs,gent,112,18.3
2000,cs,gent,168,28.1
2000,cs,gent,224,37.8
2000,cs,gent,250,42.2
2000,cs,gent,300,50.8
2000,cs,gilm,0,9.5
2000,cs,gilm,56,11.2
2000,cs,gilm,112,21.1
2000,cs,gilm,168,31.7
2000,cs,gilm,224,42.4
2000,cs,gilm,250,46.9
2000,cs,gilm,300,55.7
2000,cs,gold,0,0.7
2000,cs,gold,56,0.8
2000,cs,gold,112,2.7
2000,cs,gold,168,7.4
2000,cs,gold,224,11.9
2000,cs,gold,250,14
2000,cs,gold,300,17.9
2000,cs,hoff,0,8.6
2000,cs,hoff,56,5.5
2000,cs,hoff,112,4.5
2000,cs,hoff,168,8.3
2000,cs,hoff,224,12.3
2000,cs,hoff,250,14.2
2000,cs,hoff,300,17.7
2000,cs,hugg,0,10.3
2000,cs,hugg,56,10.3
2000,cs,hugg,112,13.8
2000,cs,hugg,168,25.5
2000,cs,hugg,224,35.5
2000,cs,hugg,250,40
2000,cs,hugg,300,47.7
2000,cs,klad,0,3.6
2000,cs,klad,56,3.5
2000,cs,klad,112,4.9
2000,cs,klad,168,7.2
2000,cs,klad,224,9.5
2000,cs,klad,250,10.6
2000,cs,klad,300,12.8
2000,cs,masa,0,12.8
2000,cs,masa,56,15.9
2000,cs,masa,112,21.3
2000,cs,masa,168,28.2
2000,cs,masa,224,35.1
2000,cs,masa,250,38.2
2000,cs,masa,300,44.3
2000,cs,rand,0,1.8
2000,cs,rand,56,1.9
2000,cs,rand,112,2.6
2000,cs,rand,168,4.3
2000,cs,rand,224,6.1
2000,cs,rand,250,6.9
2000,cs,rand,300,8.3
2000,cs,suth,0,1.9
2000,cs,suth,56,1.9
2000,cs,suth,112,1.9
2000,cs,suth,168,4.2
2000,cs,suth,224,7
2000,cs,suth,250,8.3
2000,cs,suth,300,10.6
2001,cc,gent,0,14.7
2001,cc,gent,56,18.2
2001,cc,gent,112,21.7
2001,cc,gent,168,42.5
2001,cc,gent,224,82.4
2001,cc,gent,250,99.8
2001,cc,gent,300,133.9
2001,cc,gilm,0,12.7
2001,cc,gilm,56,16.4
2001,cc,gilm,112,41.6
2001,cc,gilm,168,74.6
2001,cc,gilm,224,106.8
2001,cc,gilm,250,121.8
2001,cc,gilm,300,151.6
2001,cc,gold,0,1.3
2001,cc,gold,56,1.1
2001,cc,gold,112,2.1
2001,cc,gold,168,12.1
2001,cc,gold,224,25.1
2001,cc,gold,250,31.2
2001,cc,gold,300,43.1
2001,cc,hoff,0,20.8
2001,cc,hoff,56,22
2001,cc,hoff,112,35.2
2001,cc,hoff,168,61.4
2001,cc,hoff,224,84
2001,cc,hoff,250,95.3
2001,cc,hoff,300,119.7
2001,cc,hugg,0,15.3
2001,cc,hugg,56,17.2
2001,cc,hugg,112,30.1
2001,cc,hugg,168,82.7
2001,cc,hugg,224,136.5
2001,cc,hugg,250,161.7
2001,cc,hugg,300,212
2001,cc,klad,0,3.2
2001,cc,klad,56,4.3
2001,cc,klad,112,5.5
2001,cc,klad,168,14.3
2001,cc,klad,224,23.7
2001,cc,klad,250,28.8
2001,cc,klad,300,37.7
2001,cc,masa,0,5.6
2001,cc,masa,56,7.9
2001,cc,masa,112,12.8
2001,cc,masa,168,41.9
2001,cc,masa,224,73
2001,cc,masa,250,87.5
2001,cc,masa,300,115.8
2001,cc,rand,0,13
2001,cc,rand,56,14.9
2001,cc,rand,112,16.4
2001,cc,rand,168,40.9
2001,cc,rand,224,74.2
2001,cc,rand,250,89.4
2001,cc,rand,300,117.4
2001,cc,suth,0,6.6
2001,cc,suth,56,8
2001,cc,suth,112,9.4
2001,cc,suth,168,12.1
2001,cc,suth,224,29.9
2001,cc,suth,250,38.5
2001,cc,suth,300,53.4
2001,cs,gent,0,16
2001,cs,gent,56,16.9
2001,cs,gent,112,22.8
2001,cs,gent,168,36.9
2001,cs,gent,224,50.5
2001,cs,gent,250,57.5
2001,cs,gent,300,73.8
2001,cs,gilm,0,9.2
2001,cs,gilm,56,10.7
2001,cs,gilm,112,23
2001,cs,gilm,168,39.5
2001,cs,gilm,224,55.5
2001,cs,gilm,250,63.1
2001,cs,gilm,300,77.5
2001,cs,gold,0,1.4
2001,cs,gold,56,1.4
2001,cs,gold,112,3.2
2001,cs,gold,168,8.2
2001,cs,gold,224,13.4
2001,cs,gold,250,16.3
2001,cs,gold,300,22.5
2001,cs,hoff,0,13.9
2001,cs,hoff,56,11
2001,cs,hoff,112,15.6
2001,cs,hoff,168,22.9
2001,cs,hoff,224,30
2001,cs,hoff,250,33.6
2001,cs,hoff,300,40.2
2001,cs,hugg,0,19.1
2001,cs,hugg,56,23.7
2001,cs,hugg,112,49.6
2001,cs,hugg,168,75.8
2001,cs,hugg,224,103.2
2001,cs,hugg,250,116.1
2001,cs,hugg,300,140.9
2001,cs,klad,0,3
2001,cs,klad,56,2.9
2001,cs,klad,112,6.7
2001,cs,klad,168,13.6
2001,cs,klad,224,20
2001,cs,klad,250,23.1
2001,cs,klad,300,29.6
2001,cs,masa,0,4.3
2001,cs,masa,56,4.2
2001,cs,masa,112,11.8
2001,cs,masa,168,22.7
2001,cs,masa,224,35.6
2001,cs,masa,250,42
2001,cs,masa,300,54
2001,cs,rand,0,8.3
2001,cs,rand,56,7.2
2001,cs,rand,112,10.4
2001,cs,rand,168,18.1
2001,cs,rand,224,25.7
2001,cs,rand,250,29.4
2001,cs,rand,300,36.6
2001,cs,suth,0,3
2001,cs,suth,56,2.9
2001,cs,suth,112,2.8
2001,cs,suth,168,3.1
2001,cs,suth,224,3.2
2001,cs,suth,250,3.3
2001,cs,suth,300,3.6
2002,cc,gent,0,9.7
2002,cc,gent,56,17.9
2002,cc,gent,112,27.5
2002,cc,gent,168,50.2
2002,cc,gent,224,90
2002,cc,gent,250,107.5
2002,cc,gent,300,141.5
2002,cc,gilm,0,5.2
2002,cc,gilm,56,6.8
2002,cc,gilm,112,19.9
2002,cc,gilm,168,48.1
2002,cc,gilm,224,75.8
2002,cc,gilm,250,88.6
2002,cc,gilm,300,113.6
2002,cc,gold,0,1.2
2002,cc,gold,56,1.3
2002,cc,gold,112,2
2002,cc,gold,168,8.7
2002,cc,gold,224,16.4
2002,cc,gold,250,19.9
2002,cc,gold,300,26.9
2002,cc,hoff,0,7.7
2002,cc,hoff,56,8.4
2002,cc,hoff,112,18.2
2002,cc,hoff,168,39.5
2002,cc,hoff,224,63.4
2002,cc,hoff,250,76.6
2002,cc,hoff,300,100.4
2002,cc,hugg,0,8.9
2002,cc,hugg,56,8.9
2002,cc,hugg,112,17.2
2002,cc,hugg,168,55.3
2002,cc,hugg,224,95.8
2002,cc,hugg,250,114.5
2002,cc,hugg,300,150.7
2002,cc,klad,0,4.5
2002,cc,klad,56,6.2
2002,cc,klad,112,7.5
2002,cc,klad,168,18
2002,cc,klad,224,30.3
2002,cc,klad,250,36.4
2002,cc,klad,300,47.6
2002,cc,masa,0,2.5
2002,cc,masa,56,3.5
2002,cc,masa,112,5.6
2002,cc,masa,168,27.4
2002,cc,masa,224,51
2002,cc,masa,250,62
2002,cc,masa,300,82.5
2002,cc,rand,0,3
2002,cc,rand,56,3.5
2002,cc,rand,112,5.2
2002,cc,rand,168,16.4
2002,cc,rand,224,33
2002,cc,rand,250,40.2
2002,cc,rand,300,54.6
2002,cc,suth,0,1.3
2002,cc,suth,56,1.4
2002,cc,suth,112,1.3
2002,cc,suth,168,2
2002,cc,suth,224,7.9
2002,cc,suth,250,11.3
2002,cc,suth,300,17.7
2002,cs,gent,0,15.1
2002,cs,gent,56,19
2002,cs,gent,112,25
2002,cs,gent,168,32.7
2002,cs,gent,224,40.3
2002,cs,gent,250,43.9
2002,cs,gent,300,51
2002,cs,gilm,0,4.6
2002,cs,gilm,56,4.9
2002,cs,gilm,112,10.7
2002,cs,gilm,168,21.2
2002,cs,gilm,224,32.7
2002,cs,gilm,250,37.9
2002,cs,gilm,300,48.5
2002,cs,gold,0,1
2002,cs,gold,56,1
2002,cs,gold,112,1.4
2002,cs,gold,168,1.9
2002,cs,gold,224,2.3
2002,cs,gold,250,2.6
2002,cs,gold,300,3.3
2002,cs,hoff,0,8.4
2002,cs,hoff,56,7.6
2002,cs,hoff,112,9.4
2002,cs,hoff,168,11
2002,cs,hoff,224,12.4
2002,cs,hoff,250,13.1
2002,cs,hoff,300,14.6
2002,cs,hugg,0,8.2
2002,cs,hugg,56,8
2002,cs,hugg,112,12.9
2002,cs,hugg,168,23.9
2002,cs,hugg,224,35.1
2002,cs,hugg,250,40.2
2002,cs,hugg,300,49.9
2002,cs,klad,0,3.9
2002,cs,klad,56,3.7
2002,cs,klad,112,7.1
2002,cs,klad,168,13.3
2002,cs,klad,224,20.1
2002,cs,klad,250,22.7
2002,cs,klad,300,28.7
2002,cs,masa,0,3.3
2002,cs,masa,56,3.6
2002,cs,masa,112,5.4
2002,cs,masa,168,10.3
2002,cs,masa,224,15.5
2002,cs,masa,250,18.5
2002,cs,masa,300,24.5
2002,cs,rand,0,0.8
2002,cs,rand,56,0.7
2002,cs,rand,112,1
2002,cs,rand,168,1.9
2002,cs,rand,224,2.4
2002,cs,rand,250,2.7
2002,cs,rand,300,3.1
2002,cs,suth,0,1
2002,cs,suth,56,0.7
2002,cs,suth,112,0.5
2002,cs,suth,168,0.7
2002,cs,suth,224,1.8
2002,cs,suth,250,2.3
2002,cs,suth,300,3.2
2003,cc,gent,0,9.5
2003,cc,gent,56,12.1
2003,cc,gent,112,17.2
2003,cc,gent,168,31.5
2003,cc,gent,224,65.6
2003,cc,gent,250,81.3
2003,cc,gent,300,111.1
2003,cc,gilm,0,7.6
2003,cc,gilm,56,11.2
2003,cc,gilm,112,22.7
2003,cc,gilm,168,55.1
2003,cc,gilm,224,89.6
2003,cc,gilm,250,104.9
2003,cc,gilm,300,135.5
2003,cc,gold,0,1.4
2003,cc,gold,56,2.1
2003,cc,gold,112,5.9
2003,cc,gold,168,19.8
2003,cc,gold,224,36
2003,cc,gold,250,43.4
2003,cc,gold,300,57.8
2003,cc,hoff,0,12.4
2003,cc,hoff,56,13.9
2003,cc,hoff,112,28.8
2003,cc,hoff,168,63.4
2003,cc,hoff,224,104.3
2003,cc,hoff,250,123
2003,cc,hoff,300,163.5
2003,cc,hugg,0,9
2003,cc,hugg,56,10.6
2003,cc,hugg,112,16.5
2003,cc,hugg,168,44.2
2003,cc,hugg,224,79.1
2003,cc,hugg,250,97.3
2003,cc,hugg,300,130.1
2003,cc,klad,0,1.8
2003,cc,klad,56,4.2
2003,cc,klad,112,6.6
2003,cc,klad,168,14.9
2003,cc,klad,224,24.1
2003,cc,klad,250,28.5
2003,cc,klad,300,37.2
2003,cc,masa,0,2.2
2003,cc,masa,56,2.7
2003,cc,masa,112,5
2003,cc,masa,168,32.9
2003,cc,masa,224,68.4
2003,cc,masa,250,83.8
2003,cc,masa,300,111.1
2003,cc,rand,0,2.1
2003,cc,rand,56,2.9
2003,cc,rand,112,3.6
2003,cc,rand,168,14.4
2003,cc,rand,224,32.7
2003,cc,rand,250,40.5
2003,cc,rand,300,56.2
2003,cc,suth,0,1.6
2003,cc,suth,56,2.4
2003,cc,suth,112,3.9
2003,cc,suth,168,5.5
2003,cc,suth,224,16.3
2003,cc,suth,250,22.9
2003,cc,suth,300,36.2
2003,cs,gent,0,9.1
2003,cs,gent,56,10.2
2003,cs,gent,112,13.9
2003,cs,gent,168,24.6
2003,cs,gent,224,34.5
2003,cs,gent,250,38.9
2003,cs,gent,300,48
2003,cs,gilm,0,6.3
2003,cs,gilm,56,8.6
2003,cs,gilm,112,14
2003,cs,gilm,168,24.6
2003,cs,gilm,224,36.2
2003,cs,gilm,250,42.9
2003,cs,gilm,300,56.3
2003,cs,gold,0,0.8
2003,cs,gold,56,1
2003,cs,gold,112,1.5
2003,cs,gold,168,5.1
2003,cs,gold,224,9.8
2003,cs,gold,250,12.1
2003,cs,gold,300,16.5
2003,cs,hoff,0,4.6
2003,cs,hoff,56,4.4
2003,cs,hoff,112,7.2
2003,cs,hoff,168,14.6
2003,cs,hoff,224,22.3
2003,cs,hoff,250,26
2003,cs,hoff,300,33
2003,cs,hugg,0,5.7
2003,cs,hugg,56,6.6
2003,cs,hugg,112,7.3
2003,cs,hugg,168,9.2
2003,cs,hugg,224,16.5
2003,cs,hugg,250,21.1
2003,cs,hugg,300,29.9
2003,cs,klad,0,2
2003,cs,klad,56,2.1
2003,cs,klad,112,4.7
2003,cs,klad,168,8.9
2003,cs,klad,224,13.4
2003,cs,klad,250,15.4
2003,cs,klad,300,19.1
2003,cs,masa,0,3.5
2003,cs,masa,56,4
2003,cs,masa,112,5.2
2003,cs,masa,168,10.4
2003,cs,masa,224,19.5
2003,cs,masa,250,23.8
2003,cs,masa,300,32
2003,cs,rand,0,0.6
2003,cs,rand,56,0.6
2003,cs,rand,112,0.7
2003,cs,rand,168,1
2003,cs,rand,224,1.7
2003,cs,rand,250,2
2003,cs,rand,300,2.5
2003,cs,suth,0,0.3
2003,cs,suth,56,0.4
2003,cs,suth,112,1
2003,cs,suth,168,1.6
2003,cs,suth,224,2.1
2003,cs,suth,250,2.3
2003,cs,suth,300,2.7
2004,cc,gent,0,9.5
2004,cc,gent,56,14.7
2004,cc,gent,112,21.9
2004,cc,gent,168,46
2004,cc,gent,224,95.6
2004,cc,gent,250,118.4
2004,cc,gent,300,162.8
2004,cc,gilm,0,7.5
2004,cc,gilm,56,13.9
2004,cc,gilm,112,21.9
2004,cc,gilm,168,55.5
2004,cc,gilm,224,97.4
2004,cc,gilm,250,117.5
2004,cc,gilm,300,154.9
2004,cc,gold,0,1.6
2004,cc,gold,56,2.2
2004,cc,gold,112,4.8
2004,cc,gold,168,23.6
2004,cc,gold,224,45.9
2004,cc,gold,250,56.1
2004,cc,gold,300,76.2
2004,cc,hoff,0,9.6
2004,cc,hoff,56,20.3
2004,cc,hoff,112,40
2004,cc,hoff,168,73.6
2004,cc,hoff,224,121.5
2004,cc,hoff,250,144.5
2004,cc,hoff,300,187.7
2004,cc,hugg,0,8.6
2004,cc,hugg,56,9.3
2004,cc,hugg,112,11.2
2004,cc,hugg,168,41.1
2004,cc,hugg,224,88.7
2004,cc,hugg,250,111.2
2004,cc,hugg,300,159.1
2004,cc,klad,0,3.2
2004,cc,klad,56,7.7
2004,cc,klad,112,12.1
2004,cc,klad,168,22.5
2004,cc,klad,224,38
2004,cc,klad,250,44.8
2004,cc,klad,300,57.9
2004,cc,masa,0,4.4
2004,cc,masa,56,9.3
2004,cc,masa,112,14.2
2004,cc,masa,168,36.8
2004,cc,masa,224,75.6
2004,cc,masa,250,92.7
2004,cc,masa,300,125
2004,cc,rand,0,4
2004,cc,rand,56,7.2
2004,cc,rand,112,10.9
2004,cc,rand,168,25.7
2004,cc,rand,224,60.9
2004,cc,rand,250,78.1
2004,cc,rand,300,111.1
2004,cc,suth,0,1.5
2004,cc,suth,56,2
2004,cc,suth,112,2.6
2004,cc,suth,168,3.4
2004,cc,suth,224,12.8
2004,cc,suth,250,20.8
2004,cc,suth,300,37.3
2004,cs,gent,0,11.4
2004,cs,gent,56,13.5
2004,cs,gent,112,20.7
2004,cs,gent,168,36.1
2004,cs,gent,224,52.1
2004,cs,gent,250,59.4
2004,cs,gent,300,74.5
2004,cs,gilm,0,6.4
2004,cs,gilm,56,9.4
2004,cs,gilm,112,14.2
2004,cs,gilm,168,24.8
2004,cs,gilm,224,36.6
2004,cs,gilm,250,42.1
2004,cs,gilm,300,53.2
2004,cs,gold,0,1.7
2004,cs,gold,56,1.8
2004,cs,gold,112,2.2
2004,cs,gold,168,6
2004,cs,gold,224,10.2
2004,cs,gold,250,12.2
2004,cs,gold,300,16.4
2004,cs,hoff,0,11.2
2004,cs,hoff,56,11.7
2004,cs,hoff,112,17.5
2004,cs,hoff,168,28.3
2004,cs,hoff,224,39.4
2004,cs,hoff,250,44.6
2004,cs,hoff,300,54.8
2004,cs,hugg,0,5.9
2004,cs,hugg,56,6
2004,cs,hugg,112,8.3
2004,cs,hugg,168,19.6
2004,cs,hugg,224,29.4
2004,cs,hugg,250,32.4
2004,cs,hugg,300,41.7
2004,cs,klad,0,3.8
2004,cs,klad,56,3.6
2004,cs,klad,112,4.9
2004,cs,klad,168,10.6
2004,cs,klad,224,16.7
2004,cs,klad,250,19.6
2004,cs,klad,300,24.7
2004,cs,masa,0,3.9
2004,cs,masa,56,4.5
2004,cs,masa,112,8.1
2004,cs,masa,168,14.1
2004,cs,masa,224,23
2004,cs,masa,250,27.2
2004,cs,masa,300,35
2004,cs,rand,0,1.1
2004,cs,rand,56,1.5
2004,cs,rand,112,2.1
2004,cs,rand,168,3.8
2004,cs,rand,224,5.9
2004,cs,rand,250,6.9
2004,cs,rand,300,8.6
2004,cs,suth,0,0.6
2004,cs,suth,56,0.6
2004,cs,suth,112,0.7
2004,cs,suth,168,1
2004,cs,suth,224,2.6
2004,cs,suth,250,3.9
2004,cs,suth,300,6.4
2005,cc,gent,0,10.5
2005,cc,gent,56,12.7
2005,cc,gent,112,14.3
2005,cc,gent,168,29.4
2005,cc,gent,224,58.5
2005,cc,gent,250,73.2
2005,cc,gent,300,100.1
2005,cc,gilm,0,6.6
2005,cc,gilm,56,11.1
2005,cc,gilm,112,16.1
2005,cc,gilm,168,42.8
2005,cc,gilm,224,76.4
2005,cc,gilm,250,92.1
2005,cc,gilm,300,121.9
2005,cc,gold,0,2.3
2005,cc,gold,56,3.1
2005,cc,gold,112,4.1
2005,cc,gold,168,20.2
2005,cc,gold,224,40.2
2005,cc,gold,250,49.2
2005,cc,gold,300,68.7
2005,cc,hoff,0,11.2
2005,cc,hoff,56,12.2
2005,cc,hoff,112,24
2005,cc,hoff,168,35.7
2005,cc,hoff,224,58.7
2005,cc,hoff,250,68.3
2005,cc,hoff,300,86.7
2005,cc,hugg,0,7
2005,cc,hugg,56,8.3
2005,cc,hugg,112,11.8
2005,cc,hugg,168,59.1
2005,cc,hugg,224,130.2
2005,cc,hugg,250,162.9
2005,cc,hugg,300,228.3
2005,cc,klad,0,2.4
2005,cc,klad,56,3.6
2005,cc,klad,112,4.4
2005,cc,klad,168,9.2
2005,cc,klad,224,17.3
2005,cc,klad,250,20.9
2005,cc,klad,300,28.8
2005,cc,masa,0,2.7
2005,cc,masa,56,4.5
2005,cc,masa,112,6.1
2005,cc,masa,168,16.5
2005,cc,masa,224,44.1
2005,cc,masa,250,57.7
2005,cc,masa,300,85
2005,cc,rand,0,2
2005,cc,rand,56,2.8
2005,cc,rand,112,3.5
2005,cc,rand,168,10.3
2005,cc,rand,224,41.5
2005,cc,rand,250,57.6
2005,cc,rand,300,88
2005,cc,suth,0,1.8
2005,cc,suth,56,2.3
2005,cc,suth,112,2.5
2005,cc,suth,168,2.9
2005,cc,suth,224,10.1
2005,cc,suth,250,16.8
2005,cc,suth,300,31.1
2005,cs,gent,0,14.2
2005,cs,gent,56,13.8
2005,cs,gent,112,17
2005,cs,gent,168,23.6
2005,cs,gent,224,30.5
2005,cs,gent,250,33.7
2005,cs,gent,300,39.2
2005,cs,gilm,0,6.1
2005,cs,gilm,56,7.8
2005,cs,gilm,112,14.7
2005,cs,gilm,168,24.1
2005,cs,gilm,224,34.4
2005,cs,gilm,250,40.2
2005,cs,gilm,300,52.7
2005,cs,gold,0,2.4
2005,cs,gold,56,2.6
2005,cs,gold,112,4
2005,cs,gold,168,7.2
2005,cs,gold,224,10.3
2005,cs,gold,250,11.8
2005,cs,gold,300,15.2
2005,cs,hoff,0,11.6
2005,cs,hoff,56,9
2005,cs,hoff,112,10
2005,cs,hoff,168,11.7
2005,cs,hoff,224,13.2
2005,cs,hoff,250,13.9
2005,cs,hoff,300,15.3
2005,cs,hugg,0,7.7
2005,cs,hugg,56,8.7
2005,cs,hugg,112,9.2
2005,cs,hugg,168,25.3
2005,cs,hugg,224,46.9
2005,cs,hugg,250,57.9
2005,cs,hugg,300,82.9
2005,cs,klad,0,3.7
2005,cs,klad,56,4.2
2005,cs,klad,112,6.5
2005,cs,klad,168,9.2
2005,cs,klad,224,11.9
2005,cs,klad,250,13.3
2005,cs,klad,300,15.9
2005,cs,masa,0,3.3
2005,cs,masa,56,2
2005,cs,masa,112,2.8
2005,cs,masa,168,7.7
2005,cs,masa,224,14.5
2005,cs,masa,250,17.6
2005,cs,masa,300,23.7
2005,cs,rand,0,1.9
2005,cs,rand,56,1.9
2005,cs,rand,112,2.7
2005,cs,rand,168,9.3
2005,cs,rand,224,15.9
2005,cs,rand,250,18.6
2005,cs,rand,300,23.6
2005,cs,suth,0,3.1
2005,cs,suth,56,2.9
2005,cs,suth,112,4.2
2005,cs,suth,168,9.3
2005,cs,suth,224,15.4
2005,cs,suth,250,18.1
2005,cs,suth,300,23.4
2006,cc,gent,0,15
2006,cc,gent,56,21.5
2006,cc,gent,112,29.5
2006,cc,gent,168,67.2
2006,cc,gent,224,112.7
2006,cc,gent,250,135.8
2006,cc,gent,300,176.9
2006,cc,gilm,0,7.7
2006,cc,gilm,56,10.5
2006,cc,gilm,112,16.3
2006,cc,gilm,168,48.5
2006,cc,gilm,224,82.9
2006,cc,gilm,250,99.1
2006,cc,gilm,300,131.2
2006,cc,gold,0,4.2
2006,cc,gold,56,5.7
2006,cc,gold,112,11.1
2006,cc,gold,168,37.5
2006,cc,gold,224,65.9
2006,cc,gold,250,80.5
2006,cc,gold,300,107.1
2006,cc,hoff,0,14.4
2006,cc,hoff,56,19.9
2006,cc,hoff,112,40.9
2006,cc,hoff,168,73.5
2006,cc,hoff,224,111
2006,cc,hoff,250,129.6
2006,cc,hoff,300,168.1
2006,cc,hugg,0,11.5
2006,cc,hugg,56,14.3
2006,cc,hugg,112,19.3
2006,cc,hugg,168,50.7
2006,cc,hugg,224,96.4
2006,cc,hugg,250,117
2006,cc,hugg,300,152.8
2006,cc,klad,0,3
2006,cc,klad,56,5.3
2006,cc,klad,112,7.1
2006,cc,klad,168,18.7
2006,cc,klad,224,30.3
2006,cc,klad,250,35.6
2006,cc,klad,300,46.9
2006,cc,masa,0,3.9
2006,cc,masa,56,6.8
2006,cc,masa,112,10
2006,cc,masa,168,33.8
2006,cc,masa,224,76.7
2006,cc,masa,250,97.2
2006,cc,masa,300,136.7
2006,cc,rand,0,1.9
2006,cc,rand,56,2.7
2006,cc,rand,112,3.5
2006,cc,rand,168,8.1
2006,cc,rand,224,22.1
2006,cc,rand,250,28.8
2006,cc,rand,300,41.7
2006,cc,suth,0,2.6
2006,cc,suth,56,3.6
2006,cc,suth,112,4.7
2006,cc,suth,168,5.5
2006,cc,suth,224,12.8
2006,cc,suth,250,17.5
2006,cc,suth,300,27.2
2006,cs,gent,0,16
2006,cs,gent,56,17.1
2006,cs,gent,112,30.8
2006,cs,gent,168,44
2006,cs,gent,224,57.1
2006,cs,gent,250,63.4
2006,cs,gent,300,75.8
2006,cs,gilm,0,8
2006,cs,gilm,56,8.6
2006,cs,gilm,112,15.8
2006,cs,gilm,168,27.4
2006,cs,gilm,224,38.9
2006,cs,gilm,250,43.9
2006,cs,gilm,300,53.8
2006,cs,gold,0,3.1
2006,cs,gold,56,3.6
2006,cs,gold,112,8.2
2006,cs,gold,168,15.6
2006,cs,gold,224,23.2
2006,cs,gold,250,26.6
2006,cs,gold,300,33.8
2006,cs,hoff,0,10
2006,cs,hoff,56,9.7
2006,cs,hoff,112,13.8
2006,cs,hoff,168,20.7
2006,cs,hoff,224,28.4
2006,cs,hoff,250,32.3
2006,cs,hoff,300,39.9
2006,cs,hugg,0,11.1
2006,cs,hugg,56,12.4
2006,cs,hugg,112,20.9
2006,cs,hugg,168,28.6
2006,cs,hugg,224,36.3
2006,cs,hugg,250,39.7
2006,cs,hugg,300,48.8
2006,cs,klad,0,3.5
2006,cs,klad,56,2.4
2006,cs,klad,112,6
2006,cs,klad,168,11.8
2006,cs,klad,224,16.2
2006,cs,klad,250,18.5
2006,cs,klad,300,23.3
2006,cs,masa,0,6.4
2006,cs,masa,56,4.9
2006,cs,masa,112,6.2
2006,cs,masa,168,22
2006,cs,masa,224,32.4
2006,cs,masa,250,36.9
2006,cs,masa,300,44.7
2006,cs,rand,0,0.6
2006,cs,rand,56,0.6
2006,cs,rand,112,0.6
2006,cs,rand,168,0.8
2006,cs,rand,224,1.2
2006,cs,rand,250,1.3
2006,cs,rand,300,1.5
2006,cs,suth,0,1.6
2006,cs,suth,56,1.5
2006,cs,suth,112,1.6
2006,cs,suth,168,1.7
2006,cs,suth,224,1.9
2006,cs,suth,250,2
2006,cs,suth,300,2
2007,cc,gent,0,12.1
2007,cc,gent,56,16.9
2007,cc,gent,112,23.5
2007,cc,gent,168,63.1
2007,cc,gent,224,103.5
2007,cc,gent,250,124.2
2007,cc,gent,300,163.2
2007,cc,gilm,0,10.3
2007,cc,gilm,56,14.5
2007,cc,gilm,112,23.8
2007,cc,gilm,168,73.8
2007,cc,gilm,224,126
2007,cc,gilm,250,150.6
2007,cc,gilm,300,195.7
2007,cc,gold,0,1.1
2007,cc,gold,56,1.9
2007,cc,gold,112,4.9
2007,cc,gold,168,17.1
2007,cc,gold,224,30
2007,cc,gold,250,36.3
2007,cc,gold,300,48.4
2007,cc,hoff,0,15.8
2007,cc,hoff,56,20.4
2007,cc,hoff,112,29.5
2007,cc,hoff,168,62.6
2007,cc,hoff,224,96.3
2007,cc,hoff,250,111.9
2007,cc,hoff,300,141.5
2007,cc,hugg,0,12.7
2007,cc,hugg,56,16.2
2007,cc,hugg,112,23.8
2007,cc,hugg,168,76.3
2007,cc,hugg,224,136
2007,cc,hugg,250,162
2007,cc,hugg,300,210.1
2007,cc,klad,0,3.7
2007,cc,klad,56,5.3
2007,cc,klad,112,5.5
2007,cc,klad,168,16.6
2007,cc,klad,224,27.4
2007,cc,klad,250,33.2
2007,cc,klad,300,44.3
2007,cc,masa,0,1.6
2007,cc,masa,56,2.5
2007,cc,masa,112,3.9
2007,cc,masa,168,29.1
2007,cc,masa,224,65.1
2007,cc,masa,250,81.7
2007,cc,masa,300,112.2
2007,cc,rand,0,4.5
2007,cc,rand,56,6
2007,cc,rand,112,7.1
2007,cc,rand,168,23.1
2007,cc,rand,224,71.4
2007,cc,rand,250,93.4
2007,cc,rand,300,137.2
2007,cc,suth,0,3.3
2007,cc,suth,56,4.7
2007,cc,suth,112,6
2007,cc,suth,168,11.3
2007,cc,suth,224,40.5
2007,cc,suth,250,54.6
2007,cc,suth,300,82.5
2007,cs,gent,0,17.3
2007,cs,gent,56,18.5
2007,cs,gent,112,23.2
2007,cs,gent,168,37
2007,cs,gent,224,50.6
2007,cs,gent,250,59.8
2007,cs,gent,300,76.9
2007,cs,gilm,0,10
2007,cs,gilm,56,11.2
2007,cs,gilm,112,19.2
2007,cs,gilm,168,37.2
2007,cs,gilm,224,56.9
2007,cs,gilm,250,68.6
2007,cs,gilm,300,92.2
2007,cs,gold,0,1.4
2007,cs,gold,56,1.6
2007,cs,gold,112,2.1
2007,cs,gold,168,4.7
2007,cs,gold,224,7.5
2007,cs,gold,250,9
2007,cs,gold,300,12.3
2007,cs,hoff,0,19.6
2007,cs,hoff,56,16.7
2007,cs,hoff,112,22.3
2007,cs,hoff,168,29.6
2007,cs,hoff,224,39.6
2007,cs,hoff,250,44.2
2007,cs,hoff,300,53.4
2007,cs,hugg,0,10.5
2007,cs,hugg,56,11.2
2007,cs,hugg,112,14.7
2007,cs,hugg,168,33.3
2007,cs,hugg,224,50.5
2007,cs,hugg,250,58.4
2007,cs,hugg,300,73.9
2007,cs,klad,0,4.7
2007,cs,klad,56,4.1
2007,cs,klad,112,9.1
2007,cs,klad,168,14.1
2007,cs,klad,224,19.1
2007,cs,klad,250,21.7
2007,cs,klad,300,26.6
2007,cs,masa,0,3.3
2007,cs,masa,56,2.5
2007,cs,masa,112,2.2
2007,cs,masa,168,10
2007,cs,masa,224,20.1
2007,cs,masa,250,24.6
2007,cs,masa,300,33.2
2007,cs,rand,0,2
2007,cs,rand,56,2
2007,cs,rand,112,2.3
2007,cs,rand,168,5.9
2007,cs,rand,224,9.8
2007,cs,rand,250,11.3
2007,cs,rand,300,14.4
2007,cs,suth,0,2
2007,cs,suth,56,2.2
2007,cs,suth,112,2.3
2007,cs,suth,168,3.6
2007,cs,suth,224,11.3
2007,cs,suth,250,15
2007,cs,suth,300,22
2008,cc,gent,0,14
2008,cc,gent,56,23.5
2008,cc,gent,112,35
2008,cc,gent,168,76.7
2008,cc,gent,224,126.2
2008,cc,gent,250,151
2008,cc,gent,300,197.3
2008,cc,gilm,0,9
2008,cc,gilm,56,16.8
2008,cc,gilm,112,26.2
2008,cc,gilm,168,64.7
2008,cc,gilm,224,106.3
2008,cc,gilm,250,126.2
2008,cc,gilm,300,161.5
2008,cc,gold,0,3.1
2008,cc,gold,56,4.3
2008,cc,gold,112,6.7
2008,cc,gold,168,26.7
2008,cc,gold,224,51.4
2008,cc,gold,250,62.3
2008,cc,gold,300,85.4
2008,cc,hoff,0,12.8
2008,cc,hoff,56,19.1
2008,cc,hoff,112,28.7
2008,cc,hoff,168,53.2
2008,cc,hoff,224,84
2008,cc,hoff,250,98.6
2008,cc,hoff,300,126.3
2008,cc,hugg,0,9
2008,cc,hugg,56,13.2
2008,cc,hugg,112,20.2
2008,cc,hugg,168,62.4
2008,cc,hugg,224,105.4
2008,cc,hugg,250,126.4
2008,cc,hugg,300,165.9
2008,cc,klad,0,4.2
2008,cc,klad,56,10.9
2008,cc,klad,112,17
2008,cc,klad,168,27.3
2008,cc,klad,224,41.1
2008,cc,klad,250,48.1
2008,cc,klad,300,60.8
2008,cc,masa,0,4.7
2008,cc,masa,56,8.9
2008,cc,masa,112,15.1
2008,cc,masa,168,44.6
2008,cc,masa,224,82.3
2008,cc,masa,250,99.7
2008,cc,masa,300,132.5
2008,cc,rand,0,2.9
2008,cc,rand,56,5
2008,cc,rand,112,6.9
2008,cc,rand,168,16.6
2008,cc,rand,224,44.4
2008,cc,rand,250,57.1
2008,cc,rand,300,82
2008,cc,suth,0,3
2008,cc,suth,56,4.7
2008,cc,suth,112,6.3
2008,cc,suth,168,7.7
2008,cc,suth,224,26.2
2008,cc,suth,250,35.8
2008,cc,suth,300,55.2
2008,cs,gent,0,22.4
2008,cs,gent,56,25.6
2008,cs,gent,112,33.4
2008,cs,gent,168,47.1
2008,cs,gent,224,58.7
2008,cs,gent,250,64.9
2008,cs,gent,300,76.9
2008,cs,gilm,0,9.8
2008,cs,gilm,56,12.9
2008,cs,gilm,112,23
2008,cs,gilm,168,38
2008,cs,gilm,224,53.2
2008,cs,gilm,250,60.2
2008,cs,gilm,300,74
2008,cs,gold,0,2.8
2008,cs,gold,56,2.9
2008,cs,gold,112,4.4
2008,cs,gold,168,9.6
2008,cs,gold,224,15.3
2008,cs,gold,250,18
2008,cs,gold,300,23
2008,cs,hoff,0,14.1
2008,cs,hoff,56,13.1
2008,cs,hoff,112,14.3
2008,cs,hoff,168,16.2
2008,cs,hoff,224,18.3
2008,cs,hoff,250,19.3
2008,cs,hoff,300,21.4
2008,cs,hugg,0,7.6
2008,cs,hugg,56,9.5
2008,cs,hugg,112,13.8
2008,cs,hugg,168,25.7
2008,cs,hugg,224,37.4
2008,cs,hugg,250,42.8
2008,cs,hugg,300,58.4
2008,cs,klad,0,3.6
2008,cs,klad,56,4.9
2008,cs,klad,112,6.2
2008,cs,klad,168,9.4
2008,cs,klad,224,12.7
2008,cs,klad,250,14.2
2008,cs,klad,300,17.1
2008,cs,masa,0,9.5
2008,cs,masa,56,8.7
2008,cs,masa,112,15.4
2008,cs,masa,168,22.9
2008,cs,masa,224,30.4
2008,cs,masa,250,33.8
2008,cs,masa,300,39.4
2008,cs,rand,0,0.9
2008,cs,rand,56,0.9
2008,cs,rand,112,0.9
2008,cs,rand,168,2.2
2008,cs,rand,224,3.7
2008,cs,rand,250,4.4
2008,cs,rand,300,5.4
2008,cs,suth,0,1.6
2008,cs,suth,56,1.8
2008,cs,suth,112,2
2008,cs,suth,168,3
2008,cs,suth,224,6.1
2008,cs,suth,250,7.5
2008,cs,suth,300,10.2
2009,cc,gent,0,5.4
2009,cc,gent,56,11.2
2009,cc,gent,112,19.5
2009,cc,gent,168,44
2009,cc,gent,224,96.4
2009,cc,gent,250,120.7
2009,cc,gent,300,167.3
2009,cc,gilm,0,2.6
2009,cc,gilm,56,6.3
2009,cc,gilm,112,12.2
2009,cc,gilm,168,39.3
2009,cc,gilm,224,75
2009,cc,gilm,250,91.5
2009,cc,gilm,300,124.2
2009,cc,gold,0,0.4
2009,cc,gold,56,0.5
2009,cc,gold,112,2.3
2009,cc,gold,168,12.7
2009,cc,gold,224,25.4
2009,cc,gold,250,31.5
2009,cc,gold,300,43.5
2009,cc,hoff,0,7.1
2009,cc,hoff,56,9.7
2009,cc,hoff,112,14.1
2009,cc,hoff,168,34.9
2009,cc,hoff,224,73.7
2009,cc,hoff,250,91.3
2009,cc,hoff,300,126.1
2009,cc,hugg,0,4.8
2009,cc,hugg,56,6.7
2009,cc,hugg,112,10.2
2009,cc,hugg,168,44.4
2009,cc,hugg,224,99.7
2009,cc,hugg,250,128.3
2009,cc,hugg,300,182
2009,cc,klad,0,0.5
2009,cc,klad,56,0.8
2009,cc,klad,112,1.2
2009,cc,klad,168,5.7
2009,cc,klad,224,14
2009,cc,klad,250,17.5
2009,cc,klad,300,24.3
2009,cc,masa,0,1.1
2009,cc,masa,56,2
2009,cc,masa,112,4.1
2009,cc,masa,168,21.9
2009,cc,masa,224,57.7
2009,cc,masa,250,74.4
2009,cc,masa,300,107.2
2009,cc,rand,0,1.3
2009,cc,rand,56,2.1
2009,cc,rand,112,3
2009,cc,rand,168,11.7
2009,cc,rand,224,42.6
2009,cc,rand,250,58.2
2009,cc,rand,300,88.6
2009,cc,suth,0,0.9
2009,cc,suth,56,1.1
2009,cc,suth,112,1.3
2009,cc,suth,168,1.5
2009,cc,suth,224,7.2
2009,cc,suth,250,12.6
2009,cc,suth,300,23.6
2009,cs,gent,0,9.2
2009,cs,gent,56,12
2009,cs,gent,112,20.7
2009,cs,gent,168,42.2
2009,cs,gent,224,63
2009,cs,gent,250,71.8
2009,cs,gent,300,89.9
2009,cs,gilm,0,3.8
2009,cs,gilm,56,6.3
2009,cs,gilm,112,10.8
2009,cs,gilm,168,23.7
2009,cs,gilm,224,38
2009,cs,gilm,250,44.7
2009,cs,gilm,300,57.6
2009,cs,gold,0,0.9
2009,cs,gold,56,0.8
2009,cs,gold,112,1.1
2009,cs,gold,168,2.6
2009,cs,gold,224,4.4
2009,cs,gold,250,5.4
2009,cs,gold,300,8.1
2009,cs,hoff,0,8.6
2009,cs,hoff,56,8.6
2009,cs,hoff,112,9.7
2009,cs,hoff,168,9.6
2009,cs,hoff,224,11.6
2009,cs,hoff,250,12.8
2009,cs,hoff,300,14.9
2009,cs,hugg,0,5.6
2009,cs,hugg,56,6.9
2009,cs,hugg,112,8.3
2009,cs,hugg,168,14.7
2009,cs,hugg,224,35.7
2009,cs,hugg,250,43.3
2009,cs,hugg,300,60.2
2009,cs,klad,0,0.3
2009,cs,klad,56,0.4
2009,cs,klad,112,3
2009,cs,klad,168,5.7
2009,cs,klad,224,8.5
2009,cs,klad,250,9.8
2009,cs,klad,300,12.2
2009,cs,masa,0,3.6
2009,cs,masa,56,2.2
2009,cs,masa,112,2.2
2009,cs,masa,168,10.2
2009,cs,masa,224,19.6
2009,cs,masa,250,23.9
2009,cs,masa,300,32.5
2009,cs,rand,0,0.9
2009,cs,rand,56,0.9
2009,cs,rand,112,1.2
2009,cs,rand,168,5.4
2009,cs,rand,224,9.7
2009,cs,rand,250,11.9
2009,cs,rand,300,15.3
2009,cs,suth,0,1.1
2009,cs,suth,56,1
2009,cs,suth,112,1.1
2009,cs,suth,168,1.1
2009,cs,suth,224,2.5
2009,cs,suth,250,3.7
2009,cs,suth,300,6
2010,cc,gent,0,6.7
2010,cc,gent,56,12.8
2010,cc,gent,112,20.6
2010,cc,gent,168,40.4
2010,cc,gent,224,72.4
2010,cc,gent,250,87.2
2010,cc,gent,300,115.8
2010,cc,gilm,0,3.3
2010,cc,gilm,56,9.8
2010,cc,gilm,112,19.5
2010,cc,gilm,168,47.1
2010,cc,gilm,224,92.3
2010,cc,gilm,250,113.4
2010,cc,gilm,300,155.7
2010,cc,gold,0,0.6
2010,cc,gold,56,1
2010,cc,gold,112,1.4
2010,cc,gold,168,7.7
2010,cc,gold,224,16.3
2010,cc,gold,250,20.5
2010,cc,gold,300,28.3
2010,cc,hoff,0,4
2010,cc,hoff,56,12.6
2010,cc,hoff,112,20
2010,cc,hoff,168,38.2
2010,cc,hoff,224,66.7
2010,cc,hoff,250,80.4
2010,cc,hoff,300,110.7
2010,cc,hugg,0,8.6
2010,cc,hugg,56,12.2
2010,cc,hugg,112,17.7
2010,cc,hugg,168,40
2010,cc,hugg,224,108.7
2010,cc,hugg,250,139.9
2010,cc,hugg,300,198.3
2010,cc,klad,0,2.7
2010,cc,klad,56,6.4
2010,cc,klad,112,8.5
2010,cc,klad,168,11.8
2010,cc,klad,224,21.4
2010,cc,klad,250,25.9
2010,cc,klad,300,34.9
2010,cc,masa,0,1.4
2010,cc,masa,56,5.6
2010,cc,masa,112,12
2010,cc,masa,168,33.4
2010,cc,masa,224,68.6
2010,cc,masa,250,85.2
2010,cc,masa,300,118.1
2010,cc,rand,0,2.8
2010,cc,rand,56,5.1
2010,cc,rand,112,7.7
2010,cc,rand,168,17.1
2010,cc,rand,224,57.1
2010,cc,rand,250,78.3
2010,cc,rand,300,122.4
2010,cc,suth,0,1.6
2010,cc,suth,56,2.5
2010,cc,suth,112,4.6
2010,cc,suth,168,7.2
2010,cc,suth,224,17.1
2010,cc,suth,250,30.1
2010,cc,suth,300,56.5
2010,cs,gent,0,9.8
2010,cs,gent,56,13.8
2010,cs,gent,112,19.7
2010,cs,gent,168,32
2010,cs,gent,224,44
2010,cs,gent,250,49.2
2010,cs,gent,300,59.6
2010,cs,gilm,0,6
2010,cs,gilm,56,11.5
2010,cs,gilm,112,21.5
2010,cs,gilm,168,39.4
2010,cs,gilm,224,57.7
2010,cs,gilm,250,66.3
2010,cs,gilm,300,83.6
2010,cs,gold,0,0.8
2010,cs,gold,56,1
2010,cs,gold,112,2
2010,cs,gold,168,3.5
2010,cs,gold,224,5.1
2010,cs,gold,250,5.8
2010,cs,gold,300,7.5
2010,cs,hoff,0,8
2010,cs,hoff,56,3.4
2010,cs,hoff,112,4.7
2010,cs,hoff,168,6.8
2010,cs,hoff,224,8.7
2010,cs,hoff,250,9.7
2010,cs,hoff,300,11.8
2010,cs,hugg,0,10.7
2010,cs,hugg,56,12.7
2010,cs,hugg,112,14.2
2010,cs,hugg,168,36.6
2010,cs,hugg,224,62
2010,cs,hugg,250,76.6
2010,cs,hugg,300,104
2010,cs,klad,0,3.6
2010,cs,klad,56,3.6
2010,cs,klad,112,2.3
2010,cs,klad,168,7.5
2010,cs,klad,224,12.7
2010,cs,klad,250,15.2
2010,cs,klad,300,20.1
2010,cs,masa,0,3.4
2010,cs,masa,56,4.8
2010,cs,masa,112,12.2
2010,cs,masa,168,19.8
2010,cs,masa,224,27.1
2010,cs,masa,250,30.7
2010,cs,masa,300,37.8
2010,cs,rand,0,2.3
2010,cs,rand,56,2.5
2010,cs,rand,112,3.2
2010,cs,rand,168,11.6
2010,cs,rand,224,21
2010,cs,rand,250,25.3
2010,cs,rand,300,33.3
2010,cs,suth,0,2
2010,cs,suth,56,2.9
2010,cs,suth,112,4.7
2010,cs,suth,168,6.9
2010,cs,suth,224,10.5
2010,cs,suth,250,12.6
2010,cs,suth,300,16.7
2011,cc,gent,0,13.3
2011,cc,gent,56,23.5
2011,cc,gent,112,35.3
2011,cc,gent,168,62.2
2011,cc,gent,224,103.4
2011,cc,gent,250,122.7
2011,cc,gent,300,159.4
2011,cc,gilm,0,5.4
2011,cc,gilm,56,9.8
2011,cc,gilm,112,15.3
2011,cc,gilm,168,31.5
2011,cc,gilm,224,53
2011,cc,gilm,250,63
2011,cc,gilm,300,82.3
2011,cc,gold,0,4.1
2011,cc,gold,56,6
2011,cc,gold,112,10
2011,cc,gold,168,32.4
2011,cc,gold,224,57
2011,cc,gold,250,69.2
2011,cc,gold,300,93.4
2011,cc,hoff,0,16.6
2011,cc,hoff,56,24
2011,cc,hoff,112,32.5
2011,cc,hoff,168,55.6
2011,cc,hoff,224,111.1
2011,cc,hoff,250,136.7
2011,cc,hoff,300,182.5
2011,cc,hugg,0,10.5
2011,cc,hugg,56,14.8
2011,cc,hugg,112,20.1
2011,cc,hugg,168,30.8
2011,cc,hugg,224,60
2011,cc,hugg,250,72.3
2011,cc,hugg,300,95.2
2011,cc,klad,0,5.5
2011,cc,klad,56,8.6
2011,cc,klad,112,10.4
2011,cc,klad,168,15.7
2011,cc,klad,224,38.9
2011,cc,klad,250,50.5
2011,cc,klad,300,73.4
2011,cc,masa,0,1.6
2011,cc,masa,56,3.3
2011,cc,masa,112,9.3
2011,cc,masa,168,40.2
2011,cc,masa,224,73.1
2011,cc,masa,250,87.5
2011,cc,masa,300,115.9
2011,cc,rand,0,5.5
2011,cc,rand,56,8.3
2011,cc,rand,112,12
2011,cc,rand,168,19.6
2011,cc,rand,224,41
2011,cc,rand,250,52
2011,cc,rand,300,75.3
2011,cc,suth,0,0.9
2011,cc,suth,56,1.4
2011,cc,suth,112,2.1
2011,cc,suth,168,2.8
2011,cc,suth,224,3.2
2011,cc,suth,250,6.1
2011,cc,suth,300,14
2011,cs,gent,0,21.3
2011,cs,gent,56,25.7
2011,cs,gent,112,33.8
2011,cs,gent,168,48
2011,cs,gent,224,64.9
2011,cs,gent,250,71.7
2011,cs,gent,300,85.6
2011,cs,gilm,0,5.9
2011,cs,gilm,56,7.4
2011,cs,gilm,112,11.8
2011,cs,gilm,168,18.3
2011,cs,gilm,224,24.1
2011,cs,gilm,250,26.8
2011,cs,gilm,300,31.9
2011,cs,gold,0,2.6
2011,cs,gold,56,2.8
2011,cs,gold,112,5
2011,cs,gold,168,9.7
2011,cs,gold,224,13.4
2011,cs,gold,250,15.1
2011,cs,gold,300,19.1
2011,cs,hoff,0,15.2
2011,cs,hoff,56,15.7
2011,cs,hoff,112,20.4
2011,cs,hoff,168,28.9
2011,cs,hoff,224,38.7
2011,cs,hoff,250,43.4
2011,cs,hoff,300,52.9
2011,cs,hugg,0,11.9
2011,cs,hugg,56,12.4
2011,cs,hugg,112,13.5
2011,cs,hugg,168,17.7
2011,cs,hugg,224,20.5
2011,cs,hugg,250,22.3
2011,cs,hugg,300,24.8
2011,cs,klad,0,7.9
2011,cs,klad,56,9.4
2011,cs,klad,112,12.1
2011,cs,klad,168,23.8
2011,cs,klad,224,35.9
2011,cs,klad,250,41.7
2011,cs,klad,300,53.8
2011,cs,masa,0,3.6
2011,cs,masa,56,4.9
2011,cs,masa,112,10.3
2011,cs,masa,168,20
2011,cs,masa,224,29
2011,cs,masa,250,33.2
2011,cs,masa,300,39.8
2011,cs,rand,0,3
2011,cs,rand,56,3.3
2011,cs,rand,112,4.1
2011,cs,rand,168,4.9
2011,cs,rand,224,5.3
2011,cs,rand,250,5.6
2011,cs,rand,300,6.1
2011,cs,suth,0,0.3
2011,cs,suth,56,0.3
2011,cs,suth,112,0.3
2011,cs,suth,168,0.3
2011,cs,suth,224,0.4
2011,cs,suth,250,0.4
2011,cs,suth,300,0.4
2012,cc,gent,0,7.6
2012,cc,gent,56,11.7
2012,cc,gent,112,13.2
2012,cc,gent,168,20.7
2012,cc,gent,224,39.1
2012,cc,gent,250,47.6
2012,cc,gent,300,65.1
2012,cc,gilm,0,5.1
2012,cc,gilm,56,8.1
2012,cc,gilm,112,12
2012,cc,gilm,168,34.7
2012,cc,gilm,224,59.7
2012,cc,gilm,250,71.4
2012,cc,gilm,300,94.2
2012,cc,gold,0,1.2
2012,cc,gold,56,1.8
2012,cc,gold,112,6
2012,cc,gold,168,16.2
2012,cc,gold,224,27.5
2012,cc,gold,250,32.8
2012,cc,gold,300,43.5
2012,cc,hugg,0,6.6
2012,cc,hugg,56,10.2
2012,cc,hugg,112,14.4
2012,cc,hugg,168,30.7
2012,cc,hugg,224,66.6
2012,cc,hugg,250,82.9
2012,cc,hugg,300,115.6
2012,cc,klad,0,0.7
2012,cc,klad,56,1.3
2012,cc,klad,112,2
2012,cc,klad,168,3.2
2012,cc,klad,224,8
2012,cc,klad,250,10.4
2012,cc,klad,300,14.9
2012,cc,masa,0,1.7
2012,cc,masa,56,2.3
2012,cc,masa,112,7.9
2012,cc,masa,168,37.8
2012,cc,masa,224,64.6
2012,cc,masa,250,76.5
2012,cc,masa,300,100.4
2012,cc,rand,0,1.6
2012,cc,rand,56,2.7
2012,cc,rand,112,4
2012,cc,rand,168,9
2012,cc,rand,224,25.4
2012,cc,rand,250,33.8
2012,cc,rand,300,50.4
2012,cc,suth,0,0.4
2012,cc,suth,56,0.7
2012,cc,suth,112,1.1
2012,cc,suth,168,1.3
2012,cc,suth,224,2.6
2012,cc,suth,250,4.5
2012,cc,suth,300,9.2
2012,cs,gent,0,10.4
2012,cs,gent,56,11.2
2012,cs,gent,112,12.1
2012,cs,gent,168,15.2
2012,cs,gent,224,20.2
2012,cs,gent,250,22.2
2012,cs,gent,300,26.3
2012,cs,gilm,0,4.7
2012,cs,gilm,56,5.4
2012,cs,gilm,112,7.4
2012,cs,gilm,168,13.1
2012,cs,gilm,224,19.8
2012,cs,gilm,250,23.6
2012,cs,gilm,300,30.9
2012,cs,gold,0,1.4
2012,cs,gold,56,1.7
2012,cs,gold,112,4.2
2012,cs,gold,168,6.3
2012,cs,gold,224,8.4
2012,cs,gold,250,9.3
2012,cs,gold,300,11.6
2012,cs,hugg,0,7.9
2012,cs,hugg,56,8.4
2012,cs,hugg,112,10.8
2012,cs,hugg,168,17.4
2012,cs,hugg,224,23.4
2012,cs,hugg,250,26.6
2012,cs,hugg,300,32
2012,cs,klad,0,0.7
2012,cs,klad,56,0.9
2012,cs,klad,112,1.2
2012,cs,klad,168,2.4
2012,cs,klad,224,3.5
2012,cs,klad,250,4
2012,cs,klad,300,5
2012,cs,masa,0,3
2012,cs,masa,56,3.7
2012,cs,masa,112,5
2012,cs,masa,168,11.5
2012,cs,masa,224,17.7
2012,cs,masa,250,20.7
2012,cs,masa,300,27.2
2012,cs,rand,0,1
2012,cs,rand,56,2.3
2012,cs,rand,112,2.6
2012,cs,rand,168,4.5
2012,cs,rand,224,6.6
2012,cs,rand,250,7.4
2012,cs,rand,300,9.4
2012,cs,suth,0,0.1
2012,cs,suth,56,0.2
2012,cs,suth,112,0.2
2012,cs,suth,168,0.2
2012,cs,suth,224,0.2
2012,cs,suth,250,0.2
2012,cs,suth,300,0.4
2013,cc,gent,0,13.2
2013,cc,gent,56,25.4
2013,cc,gent,112,38.5
2013,cc,gent,168,62.2
2013,cc,gent,224,102.1
2013,cc,gent,250,119.8
2013,cc,gent,300,158.7
2013,cc,gilm,0,9.4
2013,cc,gilm,56,16.5
2013,cc,gilm,112,23
2013,cc,gilm,168,55.9
2013,cc,gilm,224,96.1
2013,cc,gilm,250,114.9
2013,cc,gilm,300,151.5
2013,cc,gold,0,4.4
2013,cc,gold,56,6.5
2013,cc,gold,112,24.3
2013,cc,gold,168,50.3
2013,cc,gold,224,79.9
2013,cc,gold,250,93
2013,cc,gold,300,119.3
2013,cc,hoff,0,12.4
2013,cc,hoff,56,21.4
2013,cc,hoff,112,30.7
2013,cc,hoff,168,69.4
2013,cc,hoff,224,112
2013,cc,hoff,250,132.3
2013,cc,hoff,300,172.4
2013,cc,hugg,0,10.6
2013,cc,hugg,56,15.8
2013,cc,hugg,112,25.3
2013,cc,hugg,168,74.6
2013,cc,hugg,224,127.9
2013,cc,hugg,250,153.5
2013,cc,hugg,300,200.4
2013,cc,klad,0,1.8
2013,cc,klad,56,3.4
2013,cc,klad,112,5.4
2013,cc,klad,168,12.6
2013,cc,klad,224,24.2
2013,cc,klad,250,29.6
2013,cc,klad,300,39.9
2013,cc,masa,0,3.7
2013,cc,masa,56,6.8
2013,cc,masa,112,13.3
2013,cc,masa,168,55
2013,cc,masa,224,94.3
2013,cc,masa,250,113.3
2013,cc,masa,300,152.6
2013,cc,rand,0,6.4
2013,cc,rand,56,9.6
2013,cc,rand,112,13.3
2013,cc,rand,168,30.7
2013,cc,rand,224,70.4
2013,cc,rand,250,89.8
2013,cc,rand,300,126.6
2013,cc,suth,0,4.2
2013,cc,suth,56,8.1
2013,cc,suth,112,14
2013,cc,suth,168,21.9
2013,cc,suth,224,37.6
2013,cc,suth,250,46.4
2013,cc,suth,300,63.4
2013,cs,gent,0,18.1
2013,cs,gent,56,21.1
2013,cs,gent,112,27
2013,cs,gent,168,35.5
2013,cs,gent,224,44.2
2013,cs,gent,250,48
2013,cs,gent,300,55.8
2013,cs,gilm,0,9.8
2013,cs,gilm,56,12.5
2013,cs,gilm,112,16.2
2013,cs,gilm,168,22.5
2013,cs,gilm,224,29.9
2013,cs,gilm,250,33.5
2013,cs,gilm,300,40.7
2013,cs,gold,0,3.7
2013,cs,gold,56,4.1
2013,cs,gold,112,7.1
2013,cs,gold,168,11.7
2013,cs,gold,224,16
2013,cs,gold,250,18.6
2013,cs,gold,300,25.1
2013,cs,hoff,0,13.4
2013,cs,hoff,56,13.5
2013,cs,hoff,112,18.5
2013,cs,hoff,168,25
2013,cs,hoff,224,31.7
2013,cs,hoff,250,34.8
2013,cs,hoff,300,41.2
2013,cs,hugg,0,10.6
2013,cs,hugg,56,12.4
2013,cs,hugg,112,16.9
2013,cs,hugg,168,28.2
2013,cs,hugg,224,36.8
2013,cs,hugg,250,41
2013,cs,hugg,300,49.7
2013,cs,klad,0,2
2013,cs,klad,56,2.4
2013,cs,klad,112,5.5
2013,cs,klad,168,8.8
2013,cs,klad,224,12.1
2013,cs,klad,250,13.7
2013,cs,klad,300,16.9
2013,cs,masa,0,5.9
2013,cs,masa,56,7.7
2013,cs,masa,112,9.4
2013,cs,masa,168,14.4
2013,cs,masa,224,20.1
2013,cs,masa,250,22.7
2013,cs,masa,300,29.1
2013,cs,rand,0,3.5
2013,cs,rand,56,3.8
2013,cs,rand,112,4.2
2013,cs,rand,168,4.9
2013,cs,rand,224,5.6
2013,cs,rand,250,6
2013,cs,rand,300,7.6
2013,cs,suth,0,2.1
2013,cs,suth,56,2.5
2013,cs,suth,112,2.9
2013,cs,suth,168,3.2
2013,cs,suth,224,3.6
2013,cs,suth,250,3.7
2013,cs,suth,300,3.9
2014,cc,gent,0,7.8
2014,cc,gent,56,12.6
2014,cc,gent,112,18.2
2014,cc,gent,168,51.1
2014,cc,gent,224,102.1
2014,cc,gent,250,125.8
2014,cc,gent,300,170
2014,cc,gilm,0,4.1
2014,cc,gilm,56,10.2
2014,cc,gilm,112,19.5
2014,cc,gilm,168,55.1
2014,cc,gilm,224,110.3
2014,cc,gilm,250,135.7
2014,cc,gilm,300,183.5
2014,cc,gold,0,0.9
2014,cc,gold,56,1.5
2014,cc,gold,112,9.2
2014,cc,gold,168,26.9
2014,cc,gold,224,45.5
2014,cc,gold,250,54.4
2014,cc,gold,300,71
2014,cc,hoff,56,13.1
2014,cc,hoff,112,22.8
2014,cc,hoff,168,87.1
2014,cc,hoff,224,143.8
2014,cc,hoff,250,168.6
2014,cc,hoff,300,217.4
2014,cc,hugg,0,4.1
2014,cc,hugg,56,6.2
2014,cc,hugg,112,11.8
2014,cc,hugg,168,61
2014,cc,hugg,224,108
2014,cc,hugg,250,129.7
2014,cc,hugg,300,170.2
2014,cc,klad,0,1.5
2014,cc,klad,56,3.1
2014,cc,klad,112,4.9
2014,cc,klad,168,14.4
2014,cc,klad,224,22.6
2014,cc,klad,250,26.9
2014,cc,klad,300,35.4
2014,cc,masa,0,1.1
2014,cc,masa,56,3.4
2014,cc,masa,112,6.9
2014,cc,masa,168,28.5
2014,cc,masa,224,63.1
2014,cc,masa,250,80.1
2014,cc,masa,300,110.1
2014,cc,rand,0,2.6
2014,cc,rand,56,5.8
2014,cc,rand,112,9.6
2014,cc,rand,168,28.8
2014,cc,rand,224,70.1
2014,cc,rand,250,88.4
2014,cc,rand,300,125.9
2014,cc,suth,0,0.2
2014,cc,suth,56,0.5
2014,cc,suth,112,0.9
2014,cc,suth,168,1.2
2014,cc,suth,224,5.8
2014,cc,suth,250,8.4
2014,cc,suth,300,13.1
2014,cs,gent,0,10.2
2014,cs,gent,56,11.7
2014,cs,gent,112,20.3
2014,cs,gent,168,33.9
2014,cs,gent,224,51.5
2014,cs,gent,250,61
2014,cs,gent,300,78.9
2014,cs,gilm,0,3.6
2014,cs,gilm,56,8.2
2014,cs,gilm,112,18
2014,cs,gilm,168,36.5
2014,cs,gilm,224,55.7
2014,cs,gilm,250,64.8
2014,cs,gilm,300,82.5
2014,cs,gold,0,1.7
2014,cs,gold,56,2.5
2014,cs,gold,112,8
2014,cs,gold,168,14.1
2014,cs,gold,224,19.8
2014,cs,gold,250,22.3
2014,cs,gold,300,27.5
2014,cs,hoff,0,12.2
2014,cs,hoff,56,16.8
2014,cs,hoff,112,24.5
2014,cs,hoff,168,36.5
2014,cs,hoff,224,49.3
2014,cs,hoff,250,55.6
2014,cs,hoff,300,67.9
2014,cs,hugg,0,5.1
2014,cs,hugg,56,6.1
2014,cs,hugg,112,7.6
2014,cs,hugg,168,13.2
2014,cs,hugg,224,19.8
2014,cs,hugg,250,22.8
2014,cs,hugg,300,31.4
2014,cs,klad,0,1.9
2014,cs,klad,56,1.9
2014,cs,klad,112,5.2
2014,cs,klad,168,9.4
2014,cs,klad,224,12.8
2014,cs,klad,250,14.6
2014,cs,klad,300,18.4
2014,cs,masa,0,2.6
2014,cs,masa,56,2.9
2014,cs,masa,112,4.4
2014,cs,masa,168,10.9
2014,cs,masa,224,16.9
2014,cs,masa,250,20
2014,cs,masa,300,25.9
2014,cs,rand,0,1.5
2014,cs,rand,56,2.1
2014,cs,rand,112,2.8
2014,cs,rand,168,3.8
2014,cs,rand,224,5.2
2014,cs,rand,250,6.7
2014,cs,rand,300,11.7
2014,cs,suth,0,0.2
2014,cs,suth,56,0.2
2014,cs,suth,112,0.2
2014,cs,suth,168,0.2
2014,cs,suth,224,0.2
2014,cs,suth,250,0.2
2014,cs,suth,300,0.2
2015,cc,gent,0,8.3
2015,cc,gent,56,15.9
2015,cc,gent,112,28.1
2015,cc,gent,168,70.3
2015,cc,gent,224,124
2015,cc,gent,250,149.8
2015,cc,gent,300,197.1
2015,cc,gilm,0,5.6
2015,cc,gilm,56,11.2
2015,cc,gilm,112,19.1
2015,cc,gilm,168,64.2
2015,cc,gilm,224,112.5
2015,cc,gilm,250,134.3
2015,cc,gilm,300,176.7
2015,cc,gold,0,0.2
2015,cc,gold,56,0.4
2015,cc,gold,112,1.9
2015,cc,gold,168,10.6
2015,cc,gold,224,20.2
2015,cc,gold,250,24.6
2015,cc,gold,300,33
2015,cc,hoff,0,5.2
2015,cc,hoff,56,17.1
2015,cc,hoff,112,36.3
2015,cc,hoff,168,81.4
2015,cc,hoff,224,130.6
2015,cc,hoff,250,153.5
2015,cc,hoff,300,197.5
2015,cc,hugg,0,4.8
2015,cc,hugg,56,7.4
2015,cc,hugg,112,11.1
2015,cc,hugg,168,61.9
2015,cc,hugg,224,115.7
2015,cc,hugg,250,141.3
2015,cc,hugg,300,202.5
2015,cc,klad,0,2
2015,cc,klad,56,3.4
2015,cc,klad,112,7.6
2015,cc,klad,168,26.1
2015,cc,klad,224,43.1
2015,cc,klad,250,51.4
2015,cc,klad,300,67.4
2015,cc,masa,0,0.9
2015,cc,masa,56,2.4
2015,cc,masa,112,4.9
2015,cc,masa,168,31.9
2015,cc,masa,224,71.3
2015,cc,masa,250,89.9
2015,cc,masa,300,125.2
2015,cc,rand,0,1.2
2015,cc,rand,56,2.6
2015,cc,rand,112,4.5
2015,cc,rand,168,14.5
2015,cc,rand,224,48.7
2015,cc,rand,250,65.7
2015,cc,rand,300,96.1
2015,cc,suth,0,1
2015,cc,suth,56,1.5
2015,cc,suth,112,1.9
2015,cc,suth,168,2.3
2015,cc,suth,224,20.7
2015,cc,suth,250,33.5
2015,cc,suth,300,57.7
2015,cs,gent,0,10.6
2015,cs,gent,56,18.5
2015,cs,gent,112,32.2
2015,cs,gent,168,52.8
2015,cs,gent,224,73.4
2015,cs,gent,250,84.6
2015,cs,gent,300,106.8
2015,cs,gilm,0,9.1
2015,cs,gilm,56,11.2
2015,cs,gilm,112,27.6
2015,cs,gilm,168,50.7
2015,cs,gilm,224,73.1
2015,cs,gilm,250,84.2
2015,cs,gilm,300,106.6
2015,cs,gold,0,0.4
2015,cs,gold,56,0.5
2015,cs,gold,112,1.7
2015,cs,gold,168,4.3
2015,cs,gold,224,6.7
2015,cs,gold,250,8
2015,cs,gold,300,11.2
2015,cs,hoff,0,7.7
2015,cs,hoff,56,12.3
2015,cs,hoff,112,24.6
2015,cs,hoff,168,39.1
2015,cs,hoff,224,53.7
2015,cs,hoff,250,60.5
2015,cs,hoff,300,73.7
2015,cs,hugg,0,7.5
2015,cs,hugg,56,9.4
2015,cs,hugg,112,17
2015,cs,hugg,168,34.3
2015,cs,hugg,224,50.6
2015,cs,hugg,250,56.5
2015,cs,hugg,300,72.4
2015,cs,klad,0,3.6
2015,cs,klad,56,6.3
2015,cs,klad,112,16.3
2015,cs,klad,168,26.4
2015,cs,klad,224,36.6
2015,cs,klad,250,40.6
2015,cs,klad,300,50.2
2015,cs,masa,0,1.8
2015,cs,masa,56,1.8
2015,cs,masa,112,6.2
2015,cs,masa,168,15.9
2015,cs,masa,224,25.7
2015,cs,masa,250,30.2
2015,cs,masa,300,38.1
2015,cs,rand,0,1
2015,cs,rand,56,1.2
2015,cs,rand,112,2.6
2015,cs,rand,168,7.1
2015,cs,rand,224,11.6
2015,cs,rand,250,13.9
2015,cs,rand,300,17.2
2015,cs,suth,0,1.5
2015,cs,suth,56,1.8
2015,cs,suth,112,2.1
2015,cs,suth,168,7.4
2015,cs,suth,224,17.7
2015,cs,suth,250,22.2
2015,cs,suth,300,30.5
2016,cc,gent,0,6
2016,cc,gent,56,10.5
2016,cc,gent,112,17
2016,cc,gent,168,49
2016,cc,gent,224,86.8
2016,cc,gent,250,104.3
2016,cc,gent,300,136.7
2016,cc,gilm,0,4.2
2016,cc,gilm,56,7.5
2016,cc,gilm,112,14.5
2016,cc,gilm,168,45.4
2016,cc,gilm,224,74.2
2016,cc,gilm,250,87.9
2016,cc,gilm,300,114.7
2016,cc,gold,0,1.8
2016,cc,gold,56,2.9
2016,cc,gold,112,7
2016,cc,gold,168,25.9
2016,cc,gold,224,46.8
2016,cc,gold,250,56.1
2016,cc,gold,300,73.6
2016,cc,hoff,0,5.9
2016,cc,hoff,56,11
2016,cc,hoff,112,17.3
2016,cc,hoff,168,31.4
2016,cc,hoff,224,53.6
2016,cc,hoff,250,64
2016,cc,hoff,300,84.8
2016,cc,hugg,0,7.4
2016,cc,hugg,56,11.8
2016,cc,hugg,112,18.8
2016,cc,hugg,168,73.9
2016,cc,hugg,224,144.7
2016,cc,hugg,250,173.8
2016,cc,hugg,300,237.3
2016,cc,klad,0,0.8
2016,cc,klad,56,1.5
2016,cc,klad,112,2.1
2016,cc,klad,168,5.5
2016,cc,klad,224,9
2016,cc,klad,250,10.9
2016,cc,klad,300,14.3
2016,cc,masa,0,1
2016,cc,masa,56,2.8
2016,cc,masa,112,5.4
2016,cc,masa,168,37.7
2016,cc,masa,224,76.9
2016,cc,masa,250,95
2016,cc,masa,300,129.9
2016,cc,rand,0,2
2016,cc,rand,56,3.6
2016,cc,rand,112,5.2
2016,cc,rand,168,18.4
2016,cc,rand,224,52.7
2016,cc,rand,250,68.8
2016,cc,rand,300,97.4
2016,cc,suth,0,1.2
2016,cc,suth,56,1.8
2016,cc,suth,112,2.6
2016,cc,suth,168,3.3
2016,cc,suth,224,19.2
2016,cc,suth,250,28.2
2016,cc,suth,300,45.3
2016,cs,gent,0,9.1
2016,cs,gent,56,11.3
2016,cs,gent,112,27
2016,cs,gent,168,41.6
2016,cs,gent,224,57.6
2016,cs,gent,250,65.1
2016,cs,gent,300,78.8
2016,cs,gilm,0,5.9
2016,cs,gilm,56,6.7
2016,cs,gilm,112,16.2
2016,cs,gilm,168,28.9
2016,cs,gilm,224,42.1
2016,cs,gilm,250,48.9
2016,cs,gilm,300,62.2
2016,cs,gold,0,1.8
2016,cs,gold,56,2.6
2016,cs,gold,112,4.6
2016,cs,gold,168,7.9
2016,cs,gold,224,12.9
2016,cs,gold,250,15.8
2016,cs,gold,300,21.3
2016,cs,hoff,0,8.5
2016,cs,hoff,56,7.6
2016,cs,hoff,112,11.1
2016,cs,hoff,168,15.4
2016,cs,hoff,224,19.9
2016,cs,hoff,250,22.1
2016,cs,hoff,300,26.5
2016,cs,hugg,0,12.1
2016,cs,hugg,56,13.6
2016,cs,hugg,112,19.2
2016,cs,hugg,168,55.8
2016,cs,hugg,224,89.5
2016,cs,hugg,250,103.3
2016,cs,hugg,300,136.1
2016,cs,klad,0,0.3
2016,cs,klad,56,0.4
2016,cs,klad,112,0.7
2016,cs,klad,168,1
2016,cs,klad,224,1.4
2016,cs,klad,250,1.5
2016,cs,klad,300,1.9
2016,cs,masa,0,2.6
2016,cs,masa,56,3.3
2016,cs,masa,112,8.5
2016,cs,masa,168,23.1
2016,cs,masa,224,39.4
2016,cs,masa,250,46.9
2016,cs,masa,300,61.6
2016,cs,rand,0,1.3
2016,cs,rand,56,1.5
2016,cs,rand,112,3.2
2016,cs,rand,168,11.1
2016,cs,rand,224,19.5
2016,cs,rand,250,23.4
2016,cs,rand,300,31.7
2016,cs,suth,0,0.9
2016,cs,suth,56,1
2016,cs,suth,112,1.1
2016,cs,suth,168,3.6
2016,cs,suth,224,7.3
2016,cs,suth,250,9.1
2016,cs,suth,300,12
2017,cc,gent,0,8.7
2017,cc,gent,56,17
2017,cc,gent,112,25.5
2017,cc,gent,168,54
2017,cc,gent,224,82.4
2017,cc,gent,250,95.1
2017,cc,gent,300,119.4
2017,cc,gilm,0,7.8
2017,cc,gilm,56,12.7
2017,cc,gilm,112,20.7
2017,cc,gilm,168,51.6
2017,cc,gilm,224,81.9
2017,cc,gilm,250,96.6
2017,cc,gilm,300,124.7
2017,cc,gold,0,3.4
2017,cc,gold,56,6.1
2017,cc,gold,112,9.2
2017,cc,gold,168,30
2017,cc,gold,224,52.1
2017,cc,gold,250,62.5
2017,cc,gold,300,83
2017,cc,hoff,0,10
2017,cc,hoff,56,20.6
2017,cc,hoff,112,32.3
2017,cc,hoff,168,74.5
2017,cc,hoff,224,118
2017,cc,hoff,250,139.8
2017,cc,hoff,300,179.6
2017,cc,hugg,0,5.1
2017,cc,hugg,56,8.8
2017,cc,hugg,112,13.8
2017,cc,hugg,168,41.8
2017,cc,hugg,224,87.5
2017,cc,hugg,250,106.4
2017,cc,hugg,300,138.1
2017,cc,klad,0,3.5
2017,cc,klad,56,7.1
2017,cc,klad,112,10.8
2017,cc,klad,168,23.3
2017,cc,klad,224,35.4
2017,cc,klad,250,41.8
2017,cc,klad,300,53.6
2017,cc,masa,0,1.4
2017,cc,masa,56,3.5
2017,cc,masa,112,9.8
2017,cc,masa,168,37.4
2017,cc,masa,224,67.3
2017,cc,masa,250,81.2
2017,cc,masa,300,108.2
2017,cc,rand,0,1.5
2017,cc,rand,56,2.7
2017,cc,rand,112,3.9
2017,cc,rand,168,14.2
2017,cc,rand,224,36.2
2017,cc,rand,250,46.1
2017,cc,rand,300,64.5
2017,cc,suth,0,1.2
2017,cc,suth,56,2
2017,cc,suth,112,3
2017,cc,suth,168,3.6
2017,cc,suth,224,16.4
2017,cc,suth,250,22.1
2017,cc,suth,300,32.9
2017,cs,gent,0,11.9
2017,cs,gent,56,14.4
2017,cs,gent,112,19.2
2017,cs,gent,168,26.9
2017,cs,gent,224,36.9
2017,cs,gent,250,41.7
2017,cs,gent,300,50.8
2017,cs,gilm,0,9.2
2017,cs,gilm,56,11.1
2017,cs,gilm,112,15.1
2017,cs,gilm,168,25.6
2017,cs,gilm,224,35.7
2017,cs,gilm,250,40.6
2017,cs,gilm,300,51.3
2017,cs,gold,0,3.2
2017,cs,gold,56,3.6
2017,cs,gold,112,5.6
2017,cs,gold,168,8.3
2017,cs,gold,224,10.8
2017,cs,gold,250,12
2017,cs,gold,300,14.9
2017,cs,hoff,0,19.5
2017,cs,hoff,56,20.3
2017,cs,hoff,112,23.8
2017,cs,hoff,168,31.2
2017,cs,hoff,224,37.9
2017,cs,hoff,250,40.9
2017,cs,hoff,300,47.3
2017,cs,hugg,0,6.9
2017,cs,hugg,56,8.1
2017,cs,hugg,112,13.6
2017,cs,hugg,168,29
2017,cs,hugg,224,42.6
2017,cs,hugg,250,48.2
2017,cs,hugg,300,60.3
2017,cs,klad,0,5.2
2017,cs,klad,56,5.9
2017,cs,klad,112,8.7
2017,cs,klad,168,14.1
2017,cs,klad,224,19.4
2017,cs,klad,250,22.5
2017,cs,klad,300,27.3
2017,cs,masa,0,2.8
2017,cs,masa,56,3.9
2017,cs,masa,112,10.1
2017,cs,masa,168,15.6
2017,cs,masa,224,21.1
2017,cs,masa,250,23.4
2017,cs,masa,300,28.1
2017,cs,rand,0,0.6
2017,cs,rand,56,0.6
2017,cs,rand,112,1
2017,cs,rand,168,3.5
2017,cs,rand,224,5.9
2017,cs,rand,250,6.9
2017,cs,rand,300,8.3
2017,cs,suth,0,0.7
2017,cs,suth,56,0.7
2017,cs,suth,112,0.7
2017,cs,suth,168,0.8
2017,cs,suth,224,0.8
2017,cs,suth,250,0.8
2017,cs,suth,300,0.8
2018,cc,gent,0,12.6
2018,cc,gent,56,20.7
2018,cc,gent,112,26.8
2018,cc,gent,168,66
2018,cc,gent,224,110.6
2018,cc,gent,250,131.6
2018,cc,gent,300,172.7
2018,cc,gilm,0,8.3
2018,cc,gilm,56,17.2
2018,cc,gilm,112,31
2018,cc,gilm,168,86.5
2018,cc,gilm,224,141.8
2018,cc,gilm,250,168
2018,cc,gilm,300,217.6
2018,cc,gold,0,2
2018,cc,gold,56,3.5
2018,cc,gold,112,8.1
2018,cc,gold,168,27.6
2018,cc,gold,224,48.4
2018,cc,gold,250,58.2
2018,cc,gold,300,77.3
2018,cc,hoff,0,11.3
2018,cc,hoff,56,21.2
2018,cc,hoff,112,31.3
2018,cc,hoff,168,64.2
2018,cc,hoff,224,105.8
2018,cc,hoff,250,123.5
2018,cc,hoff,300,157.4
2018,cc,hugg,0,7.5
2018,cc,hugg,56,17.6
2018,cc,hugg,112,29.7
2018,cc,hugg,168,78.3
2018,cc,hugg,224,147.7
2018,cc,hugg,250,182.3
2018,cc,hugg,300,239.5
2018,cc,klad,0,3.2
2018,cc,klad,56,4.8
2018,cc,klad,112,5.9
2018,cc,klad,168,15.9
2018,cc,klad,224,27.7
2018,cc,klad,250,33.6
2018,cc,klad,300,45
2018,cc,masa,0,1
2018,cc,masa,56,2.1
2018,cc,masa,112,5.4
2018,cc,masa,168,38.1
2018,cc,masa,224,79.8
2018,cc,masa,250,99.3
2018,cc,masa,300,137.2
2018,cc,rand,0,2.5
2018,cc,rand,56,3.4
2018,cc,rand,112,4.4
2018,cc,rand,168,25.2
2018,cc,rand,224,60.6
2018,cc,rand,250,77.2
2018,cc,rand,300,108.9
2018,cc,suth,0,1.9
2018,cc,suth,56,2.9
2018,cc,suth,112,4.1
2018,cc,suth,168,5.3
2018,cc,suth,224,25.5
2018,cc,suth,250,37.1
2018,cc,suth,300,60
2018,cs,gent,0,17.5
2018,cs,gent,56,20.3
2018,cs,gent,112,29.1
2018,cs,gent,168,40.8
2018,cs,gent,224,53.6
2018,cs,gent,250,59.4
2018,cs,gent,300,70.9
2018,cs,gilm,0,9.3
2018,cs,gilm,56,16
2018,cs,gilm,112,33.8
2018,cs,gilm,168,56
2018,cs,gilm,224,78.4
2018,cs,gilm,250,88.8
2018,cs,gilm,300,108.7
2018,cs,gold,0,3.1
2018,cs,gold,56,4.1
2018,cs,gold,112,8.6
2018,cs,gold,168,12.1
2018,cs,gold,224,15.9
2018,cs,gold,250,17.7
2018,cs,gold,300,21.2
2018,cs,hoff,0,19.2
2018,cs,hoff,56,18.9
2018,cs,hoff,112,24.9
2018,cs,hoff,168,33.2
2018,cs,hoff,224,41.4
2018,cs,hoff,250,45.3
2018,cs,hoff,300,53
2018,cs,hugg,0,10.5
2018,cs,hugg,56,17.7
2018,cs,hugg,112,27.3
2018,cs,hugg,168,51.7
2018,cs,hugg,224,77.8
2018,cs,hugg,250,90.4
2018,cs,hugg,300,112.1
2018,cs,klad,0,4.2
2018,cs,klad,56,4.9
2018,cs,klad,112,6.5
2018,cs,klad,168,11.4
2018,cs,klad,224,16.3
2018,cs,klad,250,18.5
2018,cs,klad,300,24
2018,cs,masa,0,2.9
2018,cs,masa,56,2.4
2018,cs,masa,112,9.8
2018,cs,masa,168,21.6
2018,cs,masa,224,33.6
2018,cs,masa,250,38.9
2018,cs,masa,300,49.4
2018,cs,rand,0,1.7
2018,cs,rand,56,1.5
2018,cs,rand,112,3.9
2018,cs,rand,168,11
2018,cs,rand,224,18.8
2018,cs,rand,250,22.4
2018,cs,rand,300,29
2018,cs,suth,0,1.9
2018,cs,suth,56,2
2018,cs,suth,112,2.2
2018,cs,suth,168,6
2018,cs,suth,224,10.6
2018,cs,suth,250,12.7
2018,cs,suth,300,16.7
2019,cc,gent,0,12.6
2019,cc,gent,56,21.9
2019,cc,gent,112,32.5
2019,cc,gent,168,76.3
2019,cc,gent,224,121.2
2019,cc,gent,250,141.4
2019,cc,gent,300,181
2019,cc,gilm,0,6.3
2019,cc,gilm,56,12.1
2019,cc,gilm,112,25.3
2019,cc,gilm,168,63.4
2019,cc,gilm,224,100.3
2019,cc,gilm,250,116.9
2019,cc,gilm,300,149.2
2019,cc,gold,0,1.7
2019,cc,gold,56,3.3
2019,cc,gold,112,12
2019,cc,gold,168,34.1
2019,cc,gold,224,56
2019,cc,gold,250,66.6
2019,cc,gold,300,86.8
2019,cc,hoff,0,8.6
2019,cc,hoff,56,12.3
2019,cc,hoff,112,19.1
2019,cc,hoff,168,41.6
2019,cc,hoff,224,71.3
2019,cc,hoff,250,84.9
2019,cc,hoff,300,111.9
2019,cc,hugg,0,7
2019,cc,hugg,56,10.4
2019,cc,hugg,112,15.4
2019,cc,hugg,168,53
2019,cc,hugg,224,100.6
2019,cc,hugg,250,119.7
2019,cc,hugg,300,158.8
2019,cc,klad,0,3.6
2019,cc,klad,56,5.4
2019,cc,klad,112,6.2
2019,cc,klad,168,15.8
2019,cc,klad,224,27.9
2019,cc,klad,250,33.7
2019,cc,klad,300,44.9
2019,cc,masa,0,1.3
2019,cc,masa,56,2.7
2019,cc,masa,112,7.3
2019,cc,masa,168,42.8
2019,cc,masa,224,82
2019,cc,masa,250,100.4
2019,cc,masa,300,136.6
2019,cc,rand,0,7.3
2019,cc,rand,56,10.8
2019,cc,rand,112,14.2
2019,cc,rand,168,45.1
2019,cc,rand,224,77
2019,cc,rand,250,91.6
2019,cc,rand,300,121.1
2019,cc,suth,0,2.7
2019,cc,suth,56,4.5
2019,cc,suth,112,6.4
2019,cc,suth,168,8.5
2019,cc,suth,224,30.5
2019,cc,suth,250,40.7
2019,cc,suth,300,60.6
2019,cs,gent,0,17.7
2019,cs,gent,56,21.2
2019,cs,gent,112,31.6
2019,cs,gent,168,43.3
2019,cs,gent,224,54.3
2019,cs,gent,250,59.3
2019,cs,gent,300,68.9
2019,cs,gilm,0,8.1
2019,cs,gilm,56,10.3
2019,cs,gilm,112,25.2
2019,cs,gilm,168,42.3
2019,cs,gilm,224,59.1
2019,cs,gilm,250,66.4
2019,cs,gilm,300,82.8
2019,cs,gold,0,1.2
2019,cs,gold,56,1.4
2019,cs,gold,112,4.8
2019,cs,gold,168,10.8
2019,cs,gold,224,16
2019,cs,gold,250,18.6
2019,cs,gold,300,24.4
2019,cs,hoff,0,13.1
2019,cs,hoff,56,12.6
2019,cs,hoff,112,18.2
2019,cs,hoff,168,20.9
2019,cs,hoff,224,23.4
2019,cs,hoff,250,24.5
2019,cs,hoff,300,26.6
2019,cs,hugg,0,10.4
2019,cs,hugg,56,12.1
2019,cs,hugg,112,20.9
2019,cs,hugg,168,41.3
2019,cs,hugg,224,56.2
2019,cs,hugg,250,64.3
2019,cs,hugg,300,82.5
2019,cs,klad,0,4.4
2019,cs,klad,56,4
2019,cs,klad,112,7.9
2019,cs,klad,168,12.7
2019,cs,klad,224,17.3
2019,cs,klad,250,19.7
2019,cs,klad,300,24
2019,cs,masa,0,3.6
2019,cs,masa,56,3.6
2019,cs,masa,112,12.9
2019,cs,masa,168,25.2
2019,cs,masa,224,37
2019,cs,masa,250,42.4
2019,cs,masa,300,52.6
2019,cs,rand,0,6.7
2019,cs,rand,56,7
2019,cs,rand,112,9.6
2019,cs,rand,168,14.2
2019,cs,rand,224,18.9
2019,cs,rand,250,21.1
2019,cs,rand,300,25
2019,cs,suth,0,2.5
2019,cs,suth,56,2.6
2019,cs,suth,112,2.8
2019,cs,suth,168,3.8
2019,cs,suth,224,6.2
2019,cs,suth,250,7.2
2019,cs,suth,300,9.2
